Org_Order,Treatment,treatasnum,Individual_ID,Time_Death,Date_to_Stage,ExpDay_DTS,NF_Stage,day0,day1,day2,day3,day4,day5,day6,day7,day8,day9,day10,day11,day12,day13,day14,day15,day16,day17,day18,day19,day20,day21,day22,day23,day24,day25,day26,day27,day28,day29,day30,day31,time,status
1,Control,1,Control 1,13:35,19-Jun,15,58,0,0,0,0,0,0,0,0,0,0,0,0,0,0,0,1,1,1,1,1,1,1,1,1,1,1,1,1,1,1,1,1,15,1
2,Control,1,Control 32,16:29,19-Jun,15,58,0,0,0,0,0,0,0,0,0,0,0,0,0,0,0,1,1,1,1,1,1,1,1,1,1,1,1,1,1,1,1,1,15,1
3,Control,1,Control 4,13:05,20-Jun,16,58,0,0,0,0,0,0,0,0,0,0,0,0,0,0,0,0,1,1,1,1,1,1,1,1,1,1,1,1,1,1,1,1,16,1
4,Control,1,Control 16,14:00,20-Jun,16,58,0,0,0,0,0,0,0,0,0,0,0,0,0,0,0,0,1,1,1,1,1,1,1,1,1,1,1,1,1,1,1,1,16,1
5,Control,1,Control 27,16:39,20-Jun,16,59,0,0,0,0,0,0,0,0,0,0,0,0,0,0,0,0,1,1,1,1,1,1,1,1,1,1,1,1,1,1,1,1,16,1
6,Control,1,Control 36,18:25,20-Jun,16,58,0,0,0,0,0,0,0,0,0,0,0,0,0,0,0,0,1,1,1,1,1,1,1,1,1,1,1,1,1,1,1,1,16,1
7,Control,1,Control 20,19:45,20-Jun,16,58,0,0,0,0,0,0,0,0,0,0,0,0,0,0,0,0,1,1,1,1,1,1,1,1,1,1,1,1,1,1,1,1,16,1
8,Control,1,Control 11,22:16,20-Jun,16,58,0,0,0,0,0,0,0,0,0,0,0,0,0,0,0,0,1,1,1,1,1,1,1,1,1,1,1,1,1,1,1,1,16,1
9,Control,1,Control 12,13:36,21-Jun,17,58,0,0,0,0,0,0,0,0,0,0,0,0,0,0,0,0,0,1,1,1,1,1,1,1,1,1,1,1,1,1,1,1,17,1
10,Control,1,Control 28,16:27,21-Jun,17,58,0,0,0,0,0,0,0,0,0,0,0,0,0,0,0,0,0,1,1,1,1,1,1,1,1,1,1,1,1,1,1,1,17,1
11,Control,1,Control 17,13:48,22-Jun,18,58,0,0,0,0,0,0,0,0,0,0,0,0,0,0,0,0,0,0,1,1,1,1,1,1,1,1,1,1,1,1,1,1,18,1
12,Control,1,Control 24,14:01,22-Jun,18,58,0,0,0,0,0,0,0,0,0,0,0,0,0,0,0,0,0,0,1,1,1,1,1,1,1,1,1,1,1,1,1,1,18,1
109,Control,1,Control 14,14:12,25-Jun,21,62,0,0,0,0,0,0,0,0,0,0,0,0,0,0,0,0,0,0,0,0,0,1,1,1,1,1,1,1,1,1,1,1,21,1
110,Control,1,Control 3,12:50,26-Jun,22,62,0,0,0,0,0,0,0,0,0,0,0,0,0,0,0,0,0,0,0,0,0,0,1,1,1,1,1,1,1,1,1,1,22,1
111,Control,1,Control 8,13:28,26-Jun,22,62,0,0,0,0,0,0,0,0,0,0,0,0,0,0,0,0,0,0,0,0,0,0,1,1,1,1,1,1,1,1,1,1,22,1
112,Control,1,Control 19,14:05,26-Jun,22,62,0,0,0,0,0,0,0,0,0,0,0,0,0,0,0,0,0,0,0,0,0,0,1,1,1,1,1,1,1,1,1,1,22,1
113,Control,1,Control 26,16:28,26-Jun,22,62,0,0,0,0,0,0,0,0,0,0,0,0,0,0,0,0,0,0,0,0,0,0,1,1,1,1,1,1,1,1,1,1,22,1
114,Control,1,Control 25,16.39,26-Jun,22,62,0,0,0,0,0,0,0,0,0,0,0,0,0,0,0,0,0,0,0,0,0,0,1,1,1,1,1,1,1,1,1,1,22,1
115,Control,1,Control 33,17.01,26-Jun,22,62,0,0,0,0,0,0,0,0,0,0,0,0,0,0,0,0,0,0,0,0,0,0,1,1,1,1,1,1,1,1,1,1,22,1
116,Control,1,Control 6,13.07,27-Jun,23,62,0,0,0,0,0,0,0,0,0,0,0,0,0,0,0,0,0,0,0,0,0,0,0,1,1,1,1,1,1,1,1,1,23,1
117,Control,1,Control 10,13.56,27-Jun,23,62,0,0,0,0,0,0,0,0,0,0,0,0,0,0,0,0,0,0,0,0,0,0,0,1,1,1,1,1,1,1,1,1,23,1
118,Control,1,Control 13,14.06,27-Jun,23,62,0,0,0,0,0,0,0,0,0,0,0,0,0,0,0,0,0,0,0,0,0,0,0,1,1,1,1,1,1,1,1,1,23,1
119,Control,1,Control 22,14.36,27-Jun,23,62,0,0,0,0,0,0,0,0,0,0,0,0,0,0,0,0,0,0,0,0,0,0,0,1,1,1,1,1,1,1,1,1,23,1
120,Control,1,Control 34,15.16,27-Jun,23,62,0,0,0,0,0,0,0,0,0,0,0,0,0,0,0,0,0,0,0,0,0,0,0,1,1,1,1,1,1,1,1,1,23,1
205,Control,1,Control 21,12:25,1-Jul,27,66,0,0,0,0,0,0,0,0,0,0,0,0,0,0,0,0,0,0,0,0,0,0,0,0,0,0,0,1,1,1,1,1,27,1
206,Control,1,Control 29,15:12,1-Jul,27,66,0,0,0,0,0,0,0,0,0,0,0,0,0,0,0,0,0,0,0,0,0,0,0,0,0,0,0,1,1,1,1,1,27,1
207,Control,1,Control 30,15:29,1-Jul,27,66,0,0,0,0,0,0,0,0,0,0,0,0,0,0,0,0,0,0,0,0,0,0,0,0,0,0,0,1,1,1,1,1,27,1
208,Control,1,Control 31,15:47,1-Jul,27,66,0,0,0,0,0,0,0,0,0,0,0,0,0,0,0,0,0,0,0,0,0,0,0,0,0,0,0,1,1,1,1,1,27,1
209,Control,1,Control 18,16:22,1-Jul,27,66,0,0,0,0,0,0,0,0,0,0,0,0,0,0,0,0,0,0,0,0,0,0,0,0,0,0,0,1,1,1,1,1,27,1
210,Control,1,Control 2,11:18,2-Jul,28,66,0,0,0,0,0,0,0,0,0,0,0,0,0,0,0,0,0,0,0,0,0,0,0,0,0,0,0,0,1,1,1,1,28,1
211,Control,1,Control 7,11:47,2-Jul,28,66,0,0,0,0,0,0,0,0,0,0,0,0,0,0,0,0,0,0,0,0,0,0,0,0,0,0,0,0,1,1,1,1,28,1
212,Control,1,Control 23,13:38,2-Jul,28,66,0,0,0,0,0,0,0,0,0,0,0,0,0,0,0,0,0,0,0,0,0,0,0,0,0,0,0,0,1,1,1,1,28,1
213,Control,1,Control 15,12:14,3-Jul,29,66,0,0,0,0,0,0,0,0,0,0,0,0,0,0,0,0,0,0,0,0,0,0,0,0,0,0,0,0,0,1,1,1,29,1
214,Control,1,Control 5,10:22,4-Jul,30,66,0,0,0,0,0,0,0,0,0,0,0,0,0,0,0,0,0,0,0,0,0,0,0,0,0,0,0,0,0,0,1,1,30,1
215,Control,1,Control 9,10:31,4-Jul,30,66,0,0,0,0,0,0,0,0,0,0,0,0,0,0,0,0,0,0,0,0,0,0,0,0,0,0,0,0,0,0,1,1,30,1
216,Control,1,Control 35,11:11,4-Jul,30,66,0,0,0,0,0,0,0,0,0,0,0,0,0,0,0,0,0,0,0,0,0,0,0,0,0,0,0,0,0,0,1,1,30,1
37,MIX,2,MIX 6,13:45,19-Jun,15,58,0,0,0,0,0,0,0,0,0,0,0,0,0,0,0,1,1,1,1,1,1,1,1,1,1,1,1,1,1,1,1,1,15,1
38,MIX,2,MIX 10,14:05,19-Jun,15,58,0,0,0,0,0,0,0,0,0,0,0,0,0,0,0,1,1,1,1,1,1,1,1,1,1,1,1,1,1,1,1,1,15,1
39,MIX,2,MIX 16,14:37,19-Jun,15,58,0,0,0,0,0,0,0,0,0,0,0,0,0,0,0,1,1,1,1,1,1,1,1,1,1,1,1,1,1,1,1,1,15,1
40,MIX,2,MIX 30,16:03,19-Jun,15,58,0,0,0,0,0,0,0,0,0,0,0,0,0,0,0,1,1,1,1,1,1,1,1,1,1,1,1,1,1,1,1,1,15,1
41,MIX,2,MIX 12,17:26,20-Jun,16,58,0,0,0,0,0,0,0,0,0,0,0,0,0,0,0,0,1,1,1,1,1,1,1,1,1,1,1,1,1,1,1,1,16,1
42,MIX,2,MIX 33,18:04,20-Jun,16,58,0,0,0,0,0,0,0,0,0,0,0,0,0,0,0,0,1,1,1,1,1,1,1,1,1,1,1,1,1,1,1,1,16,1
43,MIX,2,MIX 3,20:41,20-Jun,16,58,0,0,0,0,0,0,0,0,0,0,0,0,0,0,0,0,1,1,1,1,1,1,1,1,1,1,1,1,1,1,1,1,16,1
44,MIX,2,MIX 22,21:05,20-Jun,16,58,0,0,0,0,0,0,0,0,0,0,0,0,0,0,0,0,1,1,1,1,1,1,1,1,1,1,1,1,1,1,1,1,16,1
45,MIX,2,MIX 14,13:51,21-Jun,17,58,0,0,0,0,0,0,0,0,0,0,0,0,0,0,0,0,0,1,1,1,1,1,1,1,1,1,1,1,1,1,1,1,17,1
46,MIX,2,MIX 32,14:33,21-Jun,17,58,0,0,0,0,0,0,0,0,0,0,0,0,0,0,0,0,0,1,1,1,1,1,1,1,1,1,1,1,1,1,1,1,17,1
47,MIX,2,MIX 28,15:56,21-Jun,17,58,0,0,0,0,0,0,0,0,0,0,0,0,0,0,0,0,0,1,1,1,1,1,1,1,1,1,1,1,1,1,1,1,17,1
48,MIX,2,MIX 23,14:24,22-Jun,18,58,0,0,0,0,0,0,0,0,0,0,0,0,0,0,0,0,0,0,1,1,1,1,1,1,1,1,1,1,1,1,1,1,18,1
121,MIX,2,MIX 1,13:57,25-Jun,21,62,0,0,0,0,0,0,0,0,0,0,0,0,0,0,0,0,0,0,0,0,0,1,1,1,1,1,1,1,1,1,1,1,21,1
122,MIX,2,MIX 15,14:47,25-Jun,21,62,0,0,0,0,0,0,0,0,0,0,0,0,0,0,0,0,0,0,0,0,0,1,1,1,1,1,1,1,1,1,1,1,21,1
123,MIX,2,MIX 26,15:24,25-Jun,21,62,0,0,0,0,0,0,0,0,0,0,0,0,0,0,0,0,0,0,0,0,0,1,1,1,1,1,1,1,1,1,1,1,21,1
124,MIX,2,MIX 29,15:34,25-Jun,21,62,0,0,0,0,0,0,0,0,0,0,0,0,0,0,0,0,0,0,0,0,0,1,1,1,1,1,1,1,1,1,1,1,21,1
125,MIX,2,MIX 4,13:06,26-Jun,22,62,0,0,0,0,0,0,0,0,0,0,0,0,0,0,0,0,0,0,0,0,0,0,1,1,1,1,1,1,1,1,1,1,22,1
126,MIX,2,MIX 18,13:56,26-Jun,22,62,0,0,0,0,0,0,0,0,0,0,0,0,0,0,0,0,0,0,0,0,0,0,1,1,1,1,1,1,1,1,1,1,22,1
127,MIX,2,MIX 21,14:21,26-Jun,22,62,0,0,0,0,0,0,0,0,0,0,0,0,0,0,0,0,0,0,0,0,0,0,1,1,1,1,1,1,1,1,1,1,22,1
128,MIX,2,MIX 36,17:14,26-Jun,22,62,0,0,0,0,0,0,0,0,0,0,0,0,0,0,0,0,0,0,0,0,0,0,1,1,1,1,1,1,1,1,1,1,22,1
129,MIX,2,MIX 7,13:21,27-Jun,23,62,0,0,0,0,0,0,0,0,0,0,0,0,0,0,0,0,0,0,0,0,0,0,0,1,1,1,1,1,1,1,1,1,23,1
130,MIX,2,MIX 19,13:01,28-Jun,24,62,0,0,0,0,0,0,0,0,0,0,0,0,0,0,0,0,0,0,0,0,0,0,0,0,1,1,1,1,1,1,1,1,24,1
131,MIX,2,MIX 35,13:48,28-Jun,24,62,0,0,0,0,0,0,0,0,0,0,0,0,0,0,0,0,0,0,0,0,0,0,0,0,1,1,1,1,1,1,1,1,24,1
132,MIX,2,MIX 9,12:54,29-Jun,25,62,0,0,0,0,0,0,0,0,0,0,0,0,0,0,0,0,0,0,0,0,0,0,0,0,0,1,1,1,1,1,1,1,25,1
193,MIX,2,MIX 11,11:13,1-Jul,27,66,0,0,0,0,0,0,0,0,0,0,0,0,0,0,0,0,0,0,0,0,0,0,0,0,0,0,0,1,1,1,1,1,27,1
194,MIX,2,MIX 20,12:16,1-Jul,27,66,0,0,0,0,0,0,0,0,0,0,0,0,0,0,0,0,0,0,0,0,0,0,0,0,0,0,0,1,1,1,1,1,27,1
195,MIX,2,MIX 13,12:43,1-Jul,27,66,0,0,0,0,0,0,0,0,0,0,0,0,0,0,0,0,0,0,0,0,0,0,0,0,0,0,0,1,1,1,1,1,27,1
196,MIX,2,MIX 17,16:32,1-Jul,27,66,0,0,0,0,0,0,0,0,0,0,0,0,0,0,0,0,0,0,0,0,0,0,0,0,0,0,0,1,1,1,1,1,27,1
197,MIX,2,MIX 2,11:06,2-Jul,28,66,0,0,0,0,0,0,0,0,0,0,0,0,0,0,0,0,0,0,0,0,0,0,0,0,0,0,0,0,1,1,1,1,28,1
198,MIX,2,MIX 24,12:47,2-Jul,28,66,0,0,0,0,0,0,0,0,0,0,0,0,0,0,0,0,0,0,0,0,0,0,0,0,0,0,0,0,1,1,1,1,28,1
199,MIX,2,MIX 27,14:24,2-Jul,28,66,0,0,0,0,0,0,0,0,0,0,0,0,0,0,0,0,0,0,0,0,0,0,0,0,0,0,0,0,1,1,1,1,28,1
200,MIX,2,MIX 31,14:33,2-Jul,28,66,0,0,0,0,0,0,0,0,0,0,0,0,0,0,0,0,0,0,0,0,0,0,0,0,0,0,0,0,1,1,1,1,28,1
201,MIX,2,MIX 34,15:16,2-Jul,28,66,0,0,0,0,0,0,0,0,0,0,0,0,0,0,0,0,0,0,0,0,0,0,0,0,0,0,0,0,1,1,1,1,28,1
202,MIX,2,MIX 5,11:30,3-Jul,29,66,0,0,0,0,0,0,0,0,0,0,0,0,0,0,0,0,0,0,0,0,0,0,0,0,0,0,0,0,0,1,1,1,29,1
203,MIX,2,MIX 8,11:51,3-Jul,29,66,0,0,0,0,0,0,0,0,0,0,0,0,0,0,0,0,0,0,0,0,0,0,0,0,0,0,0,0,0,1,1,1,29,1
204,MIX,2,MIX 25,12:35,3-Jul,29,66,0,0,0,0,0,0,0,0,0,0,0,0,0,0,0,0,0,0,0,0,0,0,0,0,0,0,0,0,0,1,1,1,29,1
49,PFHxA,3,PFHxA 26,15:48,19-Jun,15,58,0,0,0,0,0,0,0,0,0,0,0,0,0,0,0,1,1,1,1,1,1,1,1,1,1,1,1,1,1,1,1,1,15,1
50,PFHxA,3,PFHxA 33,16:20,19-Jun,15,58,0,0,0,0,0,0,0,0,0,0,0,0,0,0,0,1,1,1,1,1,1,1,1,1,1,1,1,1,1,1,1,1,15,1
51,PFHxA,3,PFHxA 3,12:51,20-Jun,16,58,0,0,0,0,0,0,0,0,0,0,0,0,0,0,0,0,1,1,1,1,1,1,1,1,1,1,1,1,1,1,1,1,16,1
52,PFHxA,3,PFHxA 11,13:46,20-Jun,16,58,0,0,0,0,0,0,0,0,0,0,0,0,0,0,0,0,1,1,1,1,1,1,1,1,1,1,1,1,1,1,1,1,16,1
53,PFHxA,3,PFHxA 16,16:24,20-Jun,16,58,0,0,0,0,0,0,0,0,0,0,0,0,0,0,0,0,1,1,1,1,1,1,1,1,1,1,1,1,1,1,1,1,16,1
54,PFHxA,3,PFHxA 23,17:33,20-Jun,16,58,0,0,0,0,0,0,0,0,0,0,0,0,0,0,0,0,1,1,1,1,1,1,1,1,1,1,1,1,1,1,1,1,16,1
55,PFHxA,3,PFHxA 28,17:42,20-Jun,16,58,0,0,0,0,0,0,0,0,0,0,0,0,0,0,0,0,1,1,1,1,1,1,1,1,1,1,1,1,1,1,1,1,16,1
56,PFHxA,3,PFHxA 1,20:47,20-Jun,16,58,0,0,0,0,0,0,0,0,0,0,0,0,0,0,0,0,1,1,1,1,1,1,1,1,1,1,1,1,1,1,1,1,16,1
57,PFHxA,3,PFHxA 31,21:59,20-Jun,16,58,0,0,0,0,0,0,0,0,0,0,0,0,0,0,0,0,1,1,1,1,1,1,1,1,1,1,1,1,1,1,1,1,16,1
58,PFHxA,3,PFHxA 19,14:05,21-Jun,17,58,0,0,0,0,0,0,0,0,0,0,0,0,0,0,0,0,0,1,1,1,1,1,1,1,1,1,1,1,1,1,1,1,17,1
59,PFHxA,3,PFHxA 7,15:04,21-Jun,17,58,0,0,0,0,0,0,0,0,0,0,0,0,0,0,0,0,0,1,1,1,1,1,1,1,1,1,1,1,1,1,1,1,17,1
60,PFHxA,3,PFHxA 14,16:12,21-Jun,17,58,0,0,0,0,0,0,0,0,0,0,0,0,0,0,0,0,0,1,1,1,1,1,1,1,1,1,1,1,1,1,1,1,17,1
85,PFHxA,3,PFHxA 17,14:15,24-Jun,20,62,0,0,0,0,0,0,0,0,0,0,0,0,0,0,0,0,0,0,0,0,1,1,1,1,1,1,1,1,1,1,1,1,20,1
86,PFHxA,3,PFHxA 35,14:30,24-Jun,20,62,0,0,0,0,0,0,0,0,0,0,0,0,0,0,0,0,0,0,0,0,1,1,1,1,1,1,1,1,1,1,1,1,20,1
87,PFHxA,3,PFHxA 2,15:50,24-Jun,20,62,0,0,0,0,0,0,0,0,0,0,0,0,0,0,0,0,0,0,0,0,1,1,1,1,1,1,1,1,1,1,1,1,20,1
88,PFHxA,3,PFHxA 15,15:37,25-Jun,21,62,0,0,0,0,0,0,0,0,0,0,0,0,0,0,0,0,0,0,0,0,0,1,1,1,1,1,1,1,1,1,1,1,21,1
89,PFHxA,3,PFHxA 25,15:11,25-Jun,21,62,0,0,0,0,0,0,0,0,0,0,0,0,0,0,0,0,0,0,0,0,0,1,1,1,1,1,1,1,1,1,1,1,21,1
90,PFHxA,3,PFHxA 24,15:55,25-Jun,21,62,0,0,0,0,0,0,0,0,0,0,0,0,0,0,0,0,0,0,0,0,0,1,1,1,1,1,1,1,1,1,1,1,21,1
91,PFHxA,3,PFHxA 6,13:14,26-Jun,22,62,0,0,0,0,0,0,0,0,0,0,0,0,0,0,0,0,0,0,0,0,0,0,1,1,1,1,1,1,1,1,1,1,22,1
92,PFHxA,3,PFHxA 29,16:23,26-Jun,22,62,0,0,0,0,0,0,0,0,0,0,0,0,0,0,0,0,0,0,0,0,0,0,1,1,1,1,1,1,1,1,1,1,22,1
93,PFHxA,3,PFHxA 36,17:34,26-Jun,22,62,0,0,0,0,0,0,0,0,0,0,0,0,0,0,0,0,0,0,0,0,0,0,1,1,1,1,1,1,1,1,1,1,22,1
94,PFHxA,3,PFHxA 9,13:47,27-Jun,23,62,0,0,0,0,0,0,0,0,0,0,0,0,0,0,0,0,0,0,0,0,0,0,0,1,1,1,1,1,1,1,1,1,23,1
95,PFHxA,3,PFHxA 21,14:26,27-Jun,23,62,0,0,0,0,0,0,0,0,0,0,0,0,0,0,0,0,0,0,0,0,0,0,0,1,1,1,1,1,1,1,1,1,23,1
96,PFHxA,3,PFHxA 12,13:06,29-Jun,25,62,0,0,0,0,0,0,0,0,0,0,0,0,0,0,0,0,0,0,0,0,0,0,0,0,0,1,1,1,1,1,1,1,25,1
145,PFHxA,3,PFHxA 30,14:04,29-Jun,25,66,0,0,0,0,0,0,0,0,0,0,0,0,0,0,0,0,0,0,0,0,0,0,0,0,0,1,1,1,1,1,1,1,25,1
146,PFHxA,3,PFHxA 10,11:37,30-Jun,26,66,0,0,0,0,0,0,0,0,0,0,0,0,0,0,0,0,0,0,0,0,0,0,0,0,0,0,1,1,1,1,1,1,26,1
147,PFHxA,3,PFHxA 20,12:05,30-Jun,26,66,0,0,0,0,0,0,0,0,0,0,0,0,0,0,0,0,0,0,0,0,0,0,0,0,0,0,1,1,1,1,1,1,26,1
148,PFHxA,3,PFHxA 4,10:42,1-Jul,27,66,0,0,0,0,0,0,0,0,0,0,0,0,0,0,0,0,0,0,0,0,0,0,0,0,0,0,0,1,1,1,1,1,27,1
149,PFHxA,3,PFHxA 13,14:46,1-Jul,27,66,0,0,0,0,0,0,0,0,0,0,0,0,0,0,0,0,0,0,0,0,0,0,0,0,0,0,0,1,1,1,1,1,27,1
150,PFHxA,3,PFHxA 22,12:36,2-Jul,28,66,0,0,0,0,0,0,0,0,0,0,0,0,0,0,0,0,0,0,0,0,0,0,0,0,0,0,0,0,1,1,1,1,28,1
151,PFHxA,3,PFHxA 32,14:51,2-Jul,28,66,0,0,0,0,0,0,0,0,0,0,0,0,0,0,0,0,0,0,0,0,0,0,0,0,0,0,0,0,1,1,1,1,28,1
152,PFHxA,3,PFHxA 34,15:03,2-Jul,28,66,0,0,0,0,0,0,0,0,0,0,0,0,0,0,0,0,0,0,0,0,0,0,0,0,0,0,0,0,1,1,1,1,28,1
153,PFHxA,3,PFHxA 5,11:18,3-Jul,29,66,0,0,0,0,0,0,0,0,0,0,0,0,0,0,0,0,0,0,0,0,0,0,0,0,0,0,0,0,0,1,1,1,29,1
154,PFHxA,3,PFHxA 27,10:48,4-Jul,30,66,0,0,0,0,0,0,0,0,0,0,0,0,0,0,0,0,0,0,0,0,0,0,0,0,0,0,0,0,0,0,1,1,30,1
155,PFHxA,3,PFHxA 8,11:21,5-Jul,31,66,0,0,0,0,0,0,0,0,0,0,0,0,0,0,0,0,0,0,0,0,0,0,0,0,0,0,0,0,0,0,0,1,31,1
156,PFHxA,3,PFHxA 18,11:49,5-Jul,31,66,0,0,0,0,0,0,0,0,0,0,0,0,0,0,0,0,0,0,0,0,0,0,0,0,0,0,0,0,0,0,0,1,31,1
13,PFHxS,4,PFHxS 1,14:22,18-Jun,14,58,0,0,0,0,0,0,0,0,0,0,0,0,0,0,1,1,1,1,1,1,1,1,1,1,1,1,1,1,1,1,1,1,14,1
14,PFHxS,4,PFHxS 19,15:28,19-Jun,15,58,0,0,0,0,0,0,0,0,0,0,0,0,0,0,0,1,1,1,1,1,1,1,1,1,1,1,1,1,1,1,1,1,15,1
15,PFHxS,4,PFHxS 7,13:14,20-Jun,16,58,0,0,0,0,0,0,0,0,0,0,0,0,0,0,0,0,1,1,1,1,1,1,1,1,1,1,1,1,1,1,1,1,16,1
16,PFHxS,4,PFHxS 17,14:30,20-Jun,16,58,0,0,0,0,0,0,0,0,0,0,0,0,0,0,0,0,1,1,1,1,1,1,1,1,1,1,1,1,1,1,1,1,16,1
17,PFHxS,4,PFHxS 27,16:16,20-Jun,16,58,0,0,0,0,0,0,0,0,0,0,0,0,0,0,0,0,1,1,1,1,1,1,1,1,1,1,1,1,1,1,1,1,16,1
18,PFHxS,4,PFHxS 28,17:17,20-Jun,16,58,0,0,0,0,0,0,0,0,0,0,0,0,0,0,0,0,1,1,1,1,1,1,1,1,1,1,1,1,1,1,1,1,16,1
19,PFHxS,4,PFHxS 24,21:15,20-Jun,16,58,0,0,0,0,0,0,0,0,0,0,0,0,0,0,0,0,1,1,1,1,1,1,1,1,1,1,1,1,1,1,1,1,16,1
20,PFHxS,4,PFHxS 15,22:08,20-Jun,16,58,0,0,0,0,0,0,0,0,0,0,0,0,0,0,0,0,1,1,1,1,1,1,1,1,1,1,1,1,1,1,1,1,16,1
21,PFHxS,4,PFHxS 10,13:23,21-Jun,17,58,0,0,0,0,0,0,0,0,0,0,0,0,0,0,0,0,0,1,1,1,1,1,1,1,1,1,1,1,1,1,1,1,17,1
22,PFHxS,4,PFHxS 33,14:54,21-Jun,17,58,0,0,0,0,0,0,0,0,0,0,0,0,0,0,0,0,0,1,1,1,1,1,1,1,1,1,1,1,1,1,1,1,17,1
23,PFHxS,4,PFHxS 5,13:42,22-Jun,18,58,0,0,0,0,0,0,0,0,0,0,0,0,0,0,0,0,0,0,1,1,1,1,1,1,1,1,1,1,1,1,1,1,18,1
24,PFHxS,4,PFHxS 31,14:15,22-Jun,18,58,0,0,0,0,0,0,0,0,0,0,0,0,0,0,0,0,0,0,1,1,1,1,1,1,1,1,1,1,1,1,1,1,18,1
73,PFHxS,4,PFHxS 6,15:05,24-Jun,20,62,0,0,0,0,0,0,0,0,0,0,0,0,0,0,0,0,0,0,0,0,1,1,1,1,1,1,1,1,1,1,1,1,20,1
74,PFHxS,4,PFHxS 14,15:19,24-Jun,20,62,0,0,0,0,0,0,0,0,0,0,0,0,0,0,0,0,0,0,0,0,1,1,1,1,1,1,1,1,1,1,1,1,20,1
75,PFHxS,4,PFHxS 16,15:01,25-Jun,21,62,0,0,0,0,0,0,0,0,0,0,0,0,0,0,0,0,0,0,0,0,0,1,1,1,1,1,1,1,1,1,1,1,21,1
76,PFHxS,4,PFHxS 21,16:02,25-Jun,21,62,0,0,0,0,0,0,0,0,0,0,0,0,0,0,0,0,0,0,0,0,0,1,1,1,1,1,1,1,1,1,1,1,21,1
77,PFHxS,4,PFHxS 8,13:22,26-Jun,22,62,0,0,0,0,0,0,0,0,0,0,0,0,0,0,0,0,0,0,0,0,0,0,1,1,1,1,1,1,1,1,1,1,22,1
78,PFHxS,4,PFHxS 34,16:53,26-Jun,22,62,0,0,0,0,0,0,0,0,0,0,0,0,0,0,0,0,0,0,0,0,0,0,1,1,1,1,1,1,1,1,1,1,22,1
79,PFHxS,4,PFHxS 4,12:57,27-Jun,23,62,0,0,0,0,0,0,0,0,0,0,0,0,0,0,0,0,0,0,0,0,0,0,0,1,1,1,1,1,1,1,1,1,23,1
80,PFHxS,4,PFHxS 11,13:28,27-Jun,23,62,0,0,0,0,0,0,0,0,0,0,0,0,0,0,0,0,0,0,0,0,0,0,0,1,1,1,1,1,1,1,1,1,23,1
81,PFHxS,4,PFHxS 29,14:46,27-Jun,23,62,0,0,0,0,0,0,0,0,0,0,0,0,0,0,0,0,0,0,0,0,0,0,0,1,1,1,1,1,1,1,1,1,23,1
82,PFHxS,4,PFHxS 30,14:52,27-Jun,23,62,0,0,0,0,0,0,0,0,0,0,0,0,0,0,0,0,0,0,0,0,0,0,0,1,1,1,1,1,1,1,1,1,23,1
83,PFHxS,4,PFHxS 36,15:08,27-Jun,23,62,0,0,0,0,0,0,0,0,0,0,0,0,0,0,0,0,0,0,0,0,0,0,0,1,1,1,1,1,1,1,1,1,23,1
84,PFHxS,4,PFHxS 20,13:29,28-Jun,24,62,0,0,0,0,0,0,0,0,0,0,0,0,0,0,0,0,0,0,0,0,0,0,0,0,1,1,1,1,1,1,1,1,24,1
157,PFHxS,4,PFHxS 32,12:48,30-Jun,26,66,0,0,0,0,0,0,0,0,0,0,0,0,0,0,0,0,0,0,0,0,0,0,0,0,0,0,1,1,1,1,1,1,26,1
158,PFHxS,4,PFHxS 35,12:58,30-Jun,26,66,0,0,0,0,0,0,0,0,0,0,0,0,0,0,0,0,0,0,0,0,0,0,0,0,0,0,1,1,1,1,1,1,26,1
159,PFHxS,4,PFHxS 12,11:49,1-Jul,27,66,0,0,0,0,0,0,0,0,0,0,0,0,0,0,0,0,0,0,0,0,0,0,0,0,0,0,0,1,1,1,1,1,27,1
160,PFHxS,4,PFHxS 13,14:50,1-Jul,27,66,0,0,0,0,0,0,0,0,0,0,0,0,0,0,0,0,0,0,0,0,0,0,0,0,0,0,0,1,1,1,1,1,27,1
161,PFHxS,4,PFHxS 26,15:56,1-Jul,27,66,0,0,0,0,0,0,0,0,0,0,0,0,0,0,0,0,0,0,0,0,0,0,0,0,0,0,0,1,1,1,1,1,27,1
162,PFHxS,4,PFHxS 2,11:29,2-Jul,28,66,0,0,0,0,0,0,0,0,0,0,0,0,0,0,0,0,0,0,0,0,0,0,0,0,0,0,0,0,1,1,1,1,28,1
163,PFHxS,4,PFHxS 9,11:56,2-Jul,28,66,0,0,0,0,0,0,0,0,0,0,0,0,0,0,0,0,0,0,0,0,0,0,0,0,0,0,0,0,1,1,1,1,28,1
164,PFHxS,4,PFHxS 22,12:20,2-Jul,28,66,0,0,0,0,0,0,0,0,0,0,0,0,0,0,0,0,0,0,0,0,0,0,0,0,0,0,0,0,1,1,1,1,28,1
165,PFHxS,4,PFHxS 25,13:55,2-Jul,28,66,0,0,0,0,0,0,0,0,0,0,0,0,0,0,0,0,0,0,0,0,0,0,0,0,0,0,0,0,1,1,1,1,28,1
166,PFHxS,4,PFHxS 18,10:40,4-Jul,30,66,0,0,0,0,0,0,0,0,0,0,0,0,0,0,0,0,0,0,0,0,0,0,0,0,0,0,0,0,0,0,1,1,30,1
167,PFHxS,4,PFHxS 3,11:14,5-Jul,31,66,0,0,0,0,0,0,0,0,0,0,0,0,0,0,0,0,0,0,0,0,0,0,0,0,0,0,0,0,0,0,0,1,31,1
168,PFHxS,4,PFHxS 23,11:57,5-Jul,31,66,0,0,0,0,0,0,0,0,0,0,0,0,0,0,0,0,0,0,0,0,0,0,0,0,0,0,0,0,0,0,0,1,31,1
25,PFOA,5,PFOA 11,13:52,19-Jun,15,58,0,0,0,0,0,0,0,0,0,0,0,0,0,0,0,1,1,1,1,1,1,1,1,1,1,1,1,1,1,1,1,1,15,1
26,PFOA,5,PFOA 15,14:28,19-Jun,15,58,0,0,0,0,0,0,0,0,0,0,0,0,0,0,0,1,1,1,1,1,1,1,1,1,1,1,1,1,1,1,1,1,15,1
27,PFOA,5,PFOA 1,12:34,20-Jun,16,58,0,0,0,0,0,0,0,0,0,0,0,0,0,0,0,0,1,1,1,1,1,1,1,1,1,1,1,1,1,1,1,1,16,1
28,PFOA,5,PFOA 22,14:15,20-Jun,16,58,0,0,0,0,0,0,0,0,0,0,0,0,0,0,0,0,1,1,1,1,1,1,1,1,1,1,1,1,1,1,1,1,16,1
29,PFOA,5,PFOA 33,18:18,20-Jun,16,58,0,0,0,0,0,0,0,0,0,0,0,0,0,0,0,0,1,1,1,1,1,1,1,1,1,1,1,1,1,1,1,1,16,1
30,PFOA,5,PFOA 26,18:33,20-Jun,16,58,0,0,0,0,0,0,0,0,0,0,0,0,0,0,0,0,1,1,1,1,1,1,1,1,1,1,1,1,1,1,1,1,16,1
31,PFOA,5,PFOA 31,19:52,20-Jun,16,58,0,0,0,0,0,0,0,0,0,0,0,0,0,0,0,0,1,1,1,1,1,1,1,1,1,1,1,1,1,1,1,1,16,1
32,PFOA,5,PFOA 16,20:59,20-Jun,16,58,0,0,0,0,0,0,0,0,0,0,0,0,0,0,0,0,1,1,1,1,1,1,1,1,1,1,1,1,1,1,1,1,16,1
33,PFOA,5,PFOA 9,22:33,20-Jun,16,58,0,0,0,0,0,0,0,0,0,0,0,0,0,0,0,0,1,1,1,1,1,1,1,1,1,1,1,1,1,1,1,1,16,1
34,PFOA,5,PFOA 21,14:18,21-Jun,17,58,0,0,0,0,0,0,0,0,0,0,0,0,0,0,0,0,0,1,1,1,1,1,1,1,1,1,1,1,1,1,1,1,17,1
35,PFOA,5,PFOA 29,15:23,21-Jun,17,58,0,0,0,0,0,0,0,0,0,0,0,0,0,0,0,0,0,1,1,1,1,1,1,1,1,1,1,1,1,1,1,1,17,1
36,PFOA,5,PFOA 5,16:50,21-Jun,17,58,0,0,0,0,0,0,0,0,0,0,0,0,0,0,0,0,0,1,1,1,1,1,1,1,1,1,1,1,1,1,1,1,17,1
97,PFOA,5,PFOA 4,15:33,24-Jun,20,62,0,0,0,0,0,0,0,0,0,0,0,0,0,0,0,0,0,0,0,0,1,1,1,1,1,1,1,1,1,1,1,1,20,1
98,PFOA,5,PFOA 3,14:16,25-Jun,21,62,0,0,0,0,0,0,0,0,0,0,0,0,0,0,0,0,0,0,0,0,0,1,1,1,1,1,1,1,1,1,1,1,21,1
99,PFOA,5,PFOA 17,15:53,25-Jun,21,62,0,0,0,0,0,0,0,0,0,0,0,0,0,0,0,0,0,0,0,0,0,1,1,1,1,1,1,1,1,1,1,1,21,1
100,PFOA,5,PFOA 27,15:14,25-Jun,21,62,0,0,0,0,0,0,0,0,0,0,0,0,0,0,0,0,0,0,0,0,0,1,1,1,1,1,1,1,1,1,1,1,21,1
101,PFOA,5,PFOA 8,15:43,25-Jun,21,62,0,0,0,0,0,0,0,0,0,0,0,0,0,0,0,0,0,0,0,0,0,1,1,1,1,1,1,1,1,1,1,1,21,1
102,PFOA,5,PFOA 19,16:11,25-Jun,21,62,0,0,0,0,0,0,0,0,0,0,0,0,0,0,0,0,0,0,0,0,0,1,1,1,1,1,1,1,1,1,1,1,21,1
103,PFOA,5,PFOA 10,13:42,26-Jun,22,62,0,0,0,0,0,0,0,0,0,0,0,0,0,0,0,0,0,0,0,0,0,0,1,1,1,1,1,1,1,1,1,1,22,1
104,PFOA,5,PFOA 14,13:47,26-Jun,22,62,0,0,0,0,0,0,0,0,0,0,0,0,0,0,0,0,0,0,0,0,0,0,1,1,1,1,1,1,1,1,1,1,22,1
105,PFOA,5,PFOA 30,16:45,26-Jun,22,62,0,0,0,0,0,0,0,0,0,0,0,0,0,0,0,0,0,0,0,0,0,0,1,1,1,1,1,1,1,1,1,1,22,1
106,PFOA,5,PFOA 36,17:26,26-Jun,22,62,0,0,0,0,0,0,0,0,0,0,0,0,0,0,0,0,0,0,0,0,0,0,1,1,1,1,1,1,1,1,1,1,22,1
107,PFOA,5,PFOA 32,15:04,27-Jun,23,62,0,0,0,0,0,0,0,0,0,0,0,0,0,0,0,0,0,0,0,0,0,0,0,1,1,1,1,1,1,1,1,1,23,1
108,PFOA,5,PFOA 20,13:18,28-Jun,23,62,0,0,0,0,0,0,0,0,0,0,0,0,0,0,0,0,0,0,0,0,0,0,0,1,1,1,1,1,1,1,1,1,23,1
169,PFOA,5,PFOA 2,13:40,29-Jun,25,66,0,0,0,0,0,0,0,0,0,0,0,0,0,0,0,0,0,0,0,0,0,0,0,0,0,1,1,1,1,1,1,1,25,1
170,PFOA,5,PFOA 18,11:52,30-Jun,26,66,0,0,0,0,0,0,0,0,0,0,0,0,0,0,0,0,0,0,0,0,0,0,0,0,0,0,1,1,1,1,1,1,26,1
171,PFOA,5,PFOA 23,12:16,30-Jun,26,66,0,0,0,0,0,0,0,0,0,0,0,0,0,0,0,0,0,0,0,0,0,0,0,0,0,0,1,1,1,1,1,1,26,1
172,PFOA,5,PFOA 6,11:05,1-Jul,27,66,0,0,0,0,0,0,0,0,0,0,0,0,0,0,0,0,0,0,0,0,0,0,0,0,0,0,0,1,1,1,1,1,27,1
173,PFOA,5,PFOA 12,11:33,1-Jul,27,66,0,0,0,0,0,0,0,0,0,0,0,0,0,0,0,0,0,0,0,0,0,0,0,0,0,0,0,1,1,1,1,1,27,1
174,PFOA,5,PFOA 24,11:58,1-Jul,27,66,0,0,0,0,0,0,0,0,0,0,0,0,0,0,0,0,0,0,0,0,0,0,0,0,0,0,0,1,1,1,1,1,27,1
175,PFOA,5,PFOA 28,16:44,1-Jul,27,66,0,0,0,0,0,0,0,0,0,0,0,0,0,0,0,0,0,0,0,0,0,0,0,0,0,0,0,1,1,1,1,1,27,1
176,PFOA,5,PFOA 25,13:46,2-Jul,28,66,0,0,0,0,0,0,0,0,0,0,0,0,0,0,0,0,0,0,0,0,0,0,0,0,0,0,0,0,1,1,1,1,28,1
177,PFOA,5,PFOA 7,11:40,3-Jul,29,66,0,0,0,0,0,0,0,0,0,0,0,0,0,0,0,0,0,0,0,0,0,0,0,0,0,0,0,0,0,1,1,1,29,1
178,PFOA,5,PFOA 13,12:05,3-Jul,29,66,0,0,0,0,0,0,0,0,0,0,0,0,0,0,0,0,0,0,0,0,0,0,0,0,0,0,0,0,0,1,1,1,29,1
179,PFOA,5,PFOA 34,12:51,3-Jul,29,66,0,0,0,0,0,0,0,0,0,0,0,0,0,0,0,0,0,0,0,0,0,0,0,0,0,0,0,0,0,1,1,1,29,1
180,PFOA,5,PFOA 35,13:01,3-Jul,29,66,0,0,0,0,0,0,0,0,0,0,0,0,0,0,0,0,0,0,0,0,0,0,0,0,0,0,0,0,0,1,1,1,29,1
61,PFOS,6,PFOS 1,13:53,18-Jun,14,58,0,0,0,0,0,0,0,0,0,0,0,0,0,0,1,1,1,1,1,1,1,1,1,1,1,1,1,1,1,1,1,1,14,1
62,PFOS,6,PFOS 12,14:14,19-Jun,15,58,0,0,0,0,0,0,0,0,0,0,0,0,0,0,0,1,1,1,1,1,1,1,1,1,1,1,1,1,1,1,1,1,15,1
63,PFOS,6,PFOS 21,15:38,19-Jun,15,58,0,0,0,0,0,0,0,0,0,0,0,0,0,0,0,1,1,1,1,1,1,1,1,1,1,1,1,1,1,1,1,1,15,1
64,PFOS,6,PFOS 36,16:50,19-Jun,15,58,0,0,0,0,0,0,0,0,0,0,0,0,0,0,0,1,1,1,1,1,1,1,1,1,1,1,1,1,1,1,1,1,15,1
65,PFOS,6,PFOS 18,13:29,20-Jun,16,58,0,0,0,0,0,0,0,0,0,0,0,0,0,0,0,0,1,1,1,1,1,1,1,1,1,1,1,1,1,1,1,1,16,1
66,PFOS,6,PFOS 26,16:52,20-Jun,16,58,0,0,0,0,0,0,0,0,0,0,0,0,0,0,0,0,1,1,1,1,1,1,1,1,1,1,1,1,1,1,1,1,16,1
67,PFOS,6,PFOS 30,17:09,20-Jun,16,58,0,0,0,0,0,0,0,0,0,0,0,0,0,0,0,0,1,1,1,1,1,1,1,1,1,1,1,1,1,1,1,1,16,1
68,PFOS,6,PFOS 2,20:35,20-Jun,16,58,0,0,0,0,0,0,0,0,0,0,0,0,0,0,0,0,1,1,1,1,1,1,1,1,1,1,1,1,1,1,1,1,16,1
69,PFOS,6,PFOS 24,21:24,20-Jun,16,58,0,0,0,0,0,0,0,0,0,0,0,0,0,0,0,0,1,1,1,1,1,1,1,1,1,1,1,1,1,1,1,1,16,1
70,PFOS,6,PFOS 33,21:41,20-Jun,16,58,0,0,0,0,0,0,0,0,0,0,0,0,0,0,0,0,1,1,1,1,1,1,1,1,1,1,1,1,1,1,1,1,16,1
71,PFOS,6,PFOS 17,21:51,20-Jun,16,58,0,0,0,0,0,0,0,0,0,0,0,0,0,0,0,0,1,1,1,1,1,1,1,1,1,1,1,1,1,1,1,1,16,1
72,PFOS,6,PFOS 10,22:24,20-Jun,16,58,0,0,0,0,0,0,0,0,0,0,0,0,0,0,0,0,1,1,1,1,1,1,1,1,1,1,1,1,1,1,1,1,16,1
133,PFOS,6,PFOS 13,14:40,24-Jun,20,62,0,0,0,0,0,0,0,0,0,0,0,0,0,0,0,0,0,0,0,0,1,1,1,1,1,1,1,1,1,1,1,1,20,1
134,PFOS,6,PFOS 22,14:54,24-Jun,20,62,0,0,0,0,0,0,0,0,0,0,0,0,0,0,0,0,0,0,0,0,1,1,1,1,1,1,1,1,1,1,1,1,20,1
135,PFOS,6,PFOS 4,14:05,25-Jun,21,62,0,0,0,0,0,0,0,0,0,0,0,0,0,0,0,0,0,0,0,0,0,1,1,1,1,1,1,1,1,1,1,1,21,1
136,PFOS,6,PFOS 7,13:34,26-Jun,22,62,0,0,0,0,0,0,0,0,0,0,0,0,0,0,0,0,0,0,0,0,0,0,1,1,1,1,1,1,1,1,1,1,22,1
137,PFOS,6,PFOS 20,14:12,26-Jun,22,62,0,0,0,0,0,0,0,0,0,0,0,0,0,0,0,0,0,0,0,0,0,0,1,1,1,1,1,1,1,1,1,1,22,1
138,PFOS,6,PFOS 25,16:12,26-Jun,22,62,0,0,0,0,0,0,0,0,0,0,0,0,0,0,0,0,0,0,0,0,0,0,1,1,1,1,1,1,1,1,1,1,22,1
139,PFOS,6,PFOS 9,13:36,27-Jun,23,62,0,0,0,0,0,0,0,0,0,0,0,0,0,0,0,0,0,0,0,0,0,0,0,1,1,1,1,1,1,1,1,1,23,1
140,PFOS,6,PFOS 16,14:15,27-Jun,23,62,0,0,0,0,0,0,0,0,0,0,0,0,0,0,0,0,0,0,0,0,0,0,0,1,1,1,1,1,1,1,1,1,23,1
141,PFOS,6,PFOS 35,13:38,28-Jun,24,62,0,0,0,0,0,0,0,0,0,0,0,0,0,0,0,0,0,0,0,0,0,0,0,0,1,1,1,1,1,1,1,1,24,1
142,PFOS,6,PFOS 32,14:00,28-Jun,24,62,0,0,0,0,0,0,0,0,0,0,0,0,0,0,0,0,0,0,0,0,0,0,0,0,1,1,1,1,1,1,1,1,24,1
143,PFOS,6,PFOS 6,13:09,29-Jun,25,62,0,0,0,0,0,0,0,0,0,0,0,0,0,0,0,0,0,0,0,0,0,0,0,0,0,1,1,1,1,1,1,1,25,1
181,PFOS,6,PFOS 28,13:53,29-Jun,25,66,0,0,0,0,0,0,0,0,0,0,0,0,0,0,0,0,0,0,0,0,0,0,0,0,0,1,1,1,1,1,1,1,25,1
182,PFOS,6,PFOS 3,11:28,30-Jun,26,66,0,0,0,0,0,0,0,0,0,0,0,0,0,0,0,0,0,0,0,0,0,0,0,0,0,0,1,1,1,1,1,1,26,1
183,PFOS,6,PFOS 5,10:50,1-Jul,27,66,0,0,0,0,0,0,0,0,0,0,0,0,0,0,0,0,0,0,0,0,0,0,0,0,0,0,0,1,1,1,1,1,27,1
184,PFOS,6,PFOS 14,13:13,1-Jul,27,66,0,0,0,0,0,0,0,0,0,0,0,0,0,0,0,0,0,0,0,0,0,0,0,0,0,0,0,1,1,1,1,1,27,1
185,PFOS,6,PFOS 19,13:24,1-Jul,27,66,0,0,0,0,0,0,0,0,0,0,0,0,0,0,0,0,0,0,0,0,0,0,0,0,0,0,0,1,1,1,1,1,27,1
186,PFOS,6,PFOS 27,14:58,1-Jul,27,66,0,0,0,0,0,0,0,0,0,0,0,0,0,0,0,0,0,0,0,0,0,0,0,0,0,0,0,1,1,1,1,1,27,1
187,PFOS,6,PFOS 31,15:36,1-Jul,27,66,0,0,0,0,0,0,0,0,0,0,0,0,0,0,0,0,0,0,0,0,0,0,0,0,0,0,0,1,1,1,1,1,27,1
188,PFOS,6,PFOS 34,16:06,1-Jul,27,66,0,0,0,0,0,0,0,0,0,0,0,0,0,0,0,0,0,0,0,0,0,0,0,0,0,0,0,1,1,1,1,1,27,1
189,PFOS,6,PFOS 8,12:09,2-Jul,28,66,0,0,0,0,0,0,0,0,0,0,0,0,0,0,0,0,0,0,0,0,0,0,0,0,0,0,0,0,1,1,1,1,28,1
190,PFOS,6,PFOS 15,14:12,2-Jul,28,66,0,0,0,0,0,0,0,0,0,0,0,0,0,0,0,0,0,0,0,0,0,0,0,0,0,0,0,0,1,1,1,1,28,1
191,PFOS,6,PFOS 23,12:24,3-Jul,29,66,0,0,0,0,0,0,0,0,0,0,0,0,0,0,0,0,0,0,0,0,0,0,0,0,0,0,0,0,0,1,1,1,29,1
192,PFOS,6,PFOS 11,11:35,5-Jul,31,66,0,0,0,0,0,0,0,0,0,0,0,0,0,0,0,0,0,0,0,0,0,0,0,0,0,0,0,0,0,0,0,1,31,1